0000000296,scans,0000000106,DataLength
"header",0000000026,"lines"
"Date",21/11/2025,"Time",11:12:08
"ID","HAL RC RGA 201 #16119","Version",4
"Scans",6
"Scan ID","Mode","Input","Scanned","Start","Stop","Increment","Dwell","Settle","RS","RelSEM"
"Scan 1","RGA","Faraday","mass",44.00,44.00,0.01,100.000%,100.000%,1.000000,1.000000,
"Scan 2","RGA","Faraday","mass",32.00,32.00,0.01,100.000%,100.000%,1.000000,1.000000,
"Scan 3","RGA","Faraday","mass",40.00,40.00,0.01,100.000%,100.000%,1.000000,1.000000,
"Scan 4","RGA","Faraday","mass",28.00,28.00,0.01,100.000%,100.000%,1.000000,1.000000,
"Scan 5","RGA","Faraday","mass",2.00,2.00,0.01,100.000%,100.000%,1.000000,1.000000,
"Scan 6","RGA","Faraday","mass",26.00,26.00,0.01,100.000%,100.000%,1.000000,1.000000,
"Environment",
"Global","RGA"
"F1",1,"( 1 = on, 0 = off )"
"F2",0,"( 1 = on, 0 = off )"
"cage",3.0,"V"
"curtail-clipping",0,"( 1 = on, 0 = off )"
"delta-m",0,"%"
"electron-energy",70.0,"V"
"emission",1000.000,"uA"
"focus",-90,"V"
"mass",18.00,"amu"
"mode-change-delay",1000,"ms"
"multiplier",650,"V"
"resolution",0,"%"
"Data",6
"Time","ms","CO2","O2","Ar","CO/N2","H2","C2H2",
00:00:06,      6073,  1.33121e-09,  2.78639e-08,  2.84585e-08,  1.49209e-07,  1.06575e-10, -8.94398e-12,
00:01:00,     60823,  1.26076e-09,  3.27678e-08,  3.43999e-07,  1.81674e-07,  1.19432e-10,  1.02554e-11,
00:01:26,     86580,  1.10893e-09,  3.00267e-08,  4.96864e-07,  1.58024e-07,  1.31558e-10,  2.16074e-12,
00:01:51,    111316,  9.57823e-10,  2.59988e-08,  6.11889e-07,  1.29107e-07,  1.43243e-10,  1.99304e-11,
00:02:16,    136052,  8.54000e-10,  2.13165e-08,  6.83698e-07,  9.98673e-08,  1.25108e-10, -1.09004e-11,
00:02:50,    170639,  7.66506e-10,  1.60121e-08,  7.55293e-07,  7.06932e-08,  1.57293e-10,  5.47174e-12,
00:03:23,    203126,  7.08789e-10,  1.20433e-08,  8.03238e-07,  5.15925e-08,  1.62625e-10, -7.00898e-12,
00:03:55,    235092,  6.24273e-10,  9.08706e-09,  8.34736e-07,  3.78265e-08,  1.50704e-10, -1.47274e-12,
00:04:29,    269650,  5.65728e-10,  6.66742e-09,  8.56988e-07,  2.68125e-08,  1.69806e-10, -1.12874e-12,
00:05:03,    303667,  5.07592e-10,  4.93731e-09,  8.70856e-07,  1.94486e-08,  1.64539e-10,  1.58347e-11,
00:05:37,    337683,  4.39276e-10,  3.67527e-09,  8.79563e-07,  1.41577e-08,  1.77385e-10, -9.56748e-12,
00:06:11,    371700,  3.97738e-10,  2.82293e-09,  8.85583e-07,  1.03462e-08,  1.96294e-10,  1.28569e-11,
00:06:45,    405717,  3.63403e-10,  2.13558e-09,  8.88378e-07,  7.47526e-09,  1.97917e-10, -2.45099e-12,
00:07:19,    439604,  3.15254e-10,  1.68028e-09,  8.91603e-07,  5.60506e-09,  1.93177e-10, -1.09004e-11,
00:07:55,    475721,  2.92077e-10,  1.31829e-09,  8.92033e-07,  4.15907e-09,  2.18224e-10, -4.41824e-12,
00:08:31,    511838,  2.43723e-10,  1.04283e-09,  8.93001e-07,  3.12236e-09,  2.25599e-10, -1.64259e-11,
00:09:15,    555496,  2.15375e-10,  8.32156e-10,  8.94506e-07,  2.20256e-09,  2.32113e-10,  1.09327e-11,
00:09:58,    598143,  2.11409e-10,  6.84472e-10,  8.93001e-07,  1.65200e-09,  2.35671e-10, -3.77324e-12,
00:10:40,    640791,  2.05356e-10,  5.90055e-10,  8.93108e-07,  1.25786e-09,  2.32006e-10, -1.34374e-12,
00:11:23,    683438,  1.70161e-10,  5.11398e-10,  8.91711e-07,  1.01204e-09,  2.39627e-10, -2.11774e-12,
00:12:06,    726086,  1.50005e-10,  4.69806e-10,  8.89238e-07,  8.34714e-10,  2.48023e-10,  1.66409e-11,
00:12:58,    778485,  1.53789e-10,  4.38137e-10,  8.88056e-07,  7.21904e-10,  2.54097e-10, -7.98723e-12,
00:13:44,    824512,  1.44135e-10,  3.98792e-10,  8.87196e-07,  6.30325e-10,  2.52947e-10, -3.42924e-12,
00:14:33,    873790,  1.34450e-10,  3.80581e-10,  8.86551e-07,  6.03547e-10,  2.62880e-10, -7.12723e-12,
00:15:23,    923068,  1.45834e-10,  3.81688e-10,  8.86336e-07,  5.59504e-10,  2.60149e-10,  4.81599e-12,
00:16:12,    972346,  1.42727e-10,  3.53093e-10,  8.86228e-07,  5.42003e-10,  2.58214e-10,  8.33123e-12,
00:17:01,   1021623,  1.31214e-10,  3.68143e-10,  8.85906e-07,  5.14967e-10,  2.50958e-10, -3.48299e-12,
00:17:50,   1070901,  1.18722e-10,  3.56684e-10,  8.84938e-07,  5.16321e-10,  2.60192e-10, -6.91223e-12,
00:18:40,   1120179,  1.20862e-10,  3.34087e-10,  8.84186e-07,  4.94983e-10,  2.67760e-10,  1.09757e-11,
00:19:29,   1169457,  1.19152e-10,  3.18210e-10,  8.83541e-07,  4.86479e-10,  2.66889e-10, -1.41254e-11,
00:20:18,   1218735,  1.17959e-10,  3.18694e-10,  8.83218e-07,  4.91413e-10,  2.65696e-10,  8.55698e-12,
00:21:04,   1264762,  1.17852e-10,  3.16984e-10,  8.83433e-07,  4.74299e-10,  2.73845e-10,  3.46149e-12,
00:21:54,   1314040,  1.08058e-10,  3.20209e-10,  8.82573e-07,  4.80438e-10,  2.71899e-10, -1.31579e-11,
00:22:43,   1363318,  1.18239e-10,  3.30637e-10,  8.82573e-07,  4.93499e-10,  2.78886e-10, -8.94398e-12,
00:23:32,   1412596,  1.18142e-10,  3.18629e-10,  8.81391e-07,  4.68366e-10,  2.80166e-10,  9.83623e-12,
00:24:21,   1461874,  1.15358e-10,  3.06729e-10,  8.81498e-07,  4.87759e-10,  2.70942e-10,  9.15898e-12,
00:25:11,   1511152,  1.14659e-10,  3.08331e-10,  8.80316e-07,  4.74085e-10,  2.62933e-10, -1.28354e-11,
00:26:00,   1560430,  1.14713e-10,  3.02719e-10,  8.80638e-07,  4.69537e-10,  2.95216e-10, -3.02074e-12,
00:26:49,   1609707,  1.03930e-10,  2.86422e-10,  8.79778e-07,  4.59250e-10,  2.94549e-10,  1.51037e-11,
00:27:38,   1658985,  9.69540e-11,  2.90658e-10,  8.79456e-07,  4.59938e-10,  2.74726e-10,  8.81498e-13,
00:28:28,   1708263,  9.51051e-11,  2.90292e-10,  8.80208e-07,  4.57659e-10,  2.73404e-10, -7.05198e-12,
00:29:17,   1757541,  1.07231e-10,  2.95732e-10,  8.79563e-07,  4.72547e-10,  2.74049e-10, -3.40774e-12,
00:30:06,   1806818,  8.44841e-11,  2.94431e-10,  8.79241e-07,  4.47994e-10,  2.94205e-10,  1.13949e-12,
00:30:56,   1856097,  1.06543e-10,  2.85261e-10,  8.79133e-07,  4.56068e-10,  3.10072e-10,  5.54699e-12,
00:31:42,   1902124,  8.78381e-11,  2.92969e-10,  8.78488e-07,  4.51241e-10,  2.86734e-10, -3.49374e-12,
00:32:31,   1951402,  1.00523e-10,  2.75006e-10,  8.78488e-07,  4.75084e-10,  2.94506e-10, -1.98874e-12,
00:33:20,   2000680,  9.73303e-11,  2.78542e-10,  8.78166e-07,  4.54305e-10,  2.87712e-10,  2.12204e-11,
00:34:09,   2049957,  8.73328e-11,  2.84068e-10,  8.77951e-07,  4.45210e-10,  2.94581e-10, -1.36524e-12,
00:34:59,   2099235,  8.83863e-11,  2.76607e-10,  8.77951e-07,  4.50424e-10,  2.93162e-10, -6.53599e-12,
00:35:48,   2148513,  8.11623e-11,  2.82993e-10,  8.77843e-07,  4.41931e-10,  2.85627e-10,  9.97598e-12,
00:36:37,   2197791,  9.62231e-11,  2.81703e-10,  8.77843e-07,  4.46543e-10,  2.89228e-10,  6.19199e-12,
00:37:27,   2247068,  9.11491e-11,  2.65395e-10,  8.77736e-07,  4.50811e-10,  2.96162e-10,  2.30049e-12,
00:38:13,   2293096,  7.48413e-11,  2.65857e-10,  8.77198e-07,  4.48070e-10,  2.84455e-10, -2.90249e-13,
00:39:02,   2342373,  8.21621e-11,  2.70587e-10,  8.77736e-07,  4.48532e-10,  2.82993e-10,  7.82598e-12,
00:39:51,   2391652,  8.27641e-11,  2.69373e-10,  8.77951e-07,  4.56465e-10,  2.94184e-10, -6.22424e-12,
00:40:40,   2440929,  8.47206e-11,  2.75135e-10,  8.78166e-07,  4.43340e-10,  2.88819e-10,  4.77299e-12,
00:41:30,   2490207,  7.79158e-11,  2.56946e-10,  8.77843e-07,  4.40394e-10,  2.79650e-10,  2.33274e-12,
00:42:19,   2539485,  9.24068e-11,  2.64589e-10,  8.78166e-07,  4.56917e-10,  2.81176e-10, -2.90249e-12,
00:43:05,   2585512,  8.90206e-11,  2.70297e-10,  8.77521e-07,  4.44834e-10,  3.00268e-10, -2.39724e-12,
00:43:54,   2634790,  8.43658e-11,  2.47744e-10,  8.78058e-07,  4.44597e-10,  3.04235e-10,  1.36524e-12,
00:44:44,   2684068,  9.30303e-11,  2.52001e-10,  8.77521e-07,  4.25677e-10,  2.97118e-10,  2.20374e-12,
00:45:33,   2733346,  7.97111e-11,  2.71093e-10,  8.77413e-07,  4.33159e-10,  2.90550e-10,  5.70824e-12,
00:46:22,   2782623,  9.64488e-11,  2.59235e-10,  8.78273e-07,  4.44232e-10,  2.86863e-10,  6.13824e-12,
00:47:11,   2831902,  9.06761e-11,  2.58676e-10,  8.77628e-07,  4.43404e-10,  2.90539e-10, -1.16099e-11,
00:48:01,   2881179,  8.76016e-11,  2.63611e-10,  8.74188e-07,  4.63345e-10,  6.69315e-10, -7.27773e-12,
00:48:50,   2930457,  9.35141e-11,  2.58676e-10,  8.66878e-07,  5.19073e-10,  1.06305e-09, -4.62249e-13,
00:49:39,   2979735,  1.29472e-10,  2.60396e-10,  8.65373e-07,  5.30834e-10,  1.23345e-09,  1.13627e-11,
00:50:29,   3029013,  1.91059e-10,  2.71060e-10,  8.67201e-07,  5.55376e-10,  1.29904e-09,  2.36607e-11,
00:51:18,   3078290,  3.14985e-10,  2.67448e-10,  8.73651e-07,  6.48578e-10,  1.30388e-09,  7.34546e-11,
00:52:07,   3127568,  4.69645e-10,  2.69878e-10,  8.86013e-07,  7.93262e-10,  1.29302e-09,  1.29107e-10,
00:52:56,   3176846,  5.90098e-10,  2.95613e-10,  9.07728e-07,  9.97050e-10,  1.31188e-09,  2.31382e-10,
00:53:46,   3226124,  6.40032e-10,  3.03644e-10,  9.37183e-07,  1.23203e-09,  1.29166e-09,  3.12125e-10,
00:54:35,   3275402,  6.76539e-10,  3.15791e-10,  9.64488e-07,  1.51259e-09,  1.28737e-09,  3.95889e-10,
00:55:24,   3324680,  7.20227e-10,  3.33346e-10,  9.86203e-07,  1.82435e-09,  1.28376e-09,  4.77922e-10,
00:56:13,   3373957,  7.97509e-10,  3.24638e-10,  1.00042e-06,  2.12307e-09,  1.25856e-09,  5.54247e-10,
00:57:06,   3426799,  8.73812e-10,  3.34227e-10,  1.00848e-06,  2.35338e-09,  1.23290e-09,  6.04256e-10,
00:57:59,   3479121,  9.38602e-10,  3.23488e-10,  1.02393e-06,  2.50003e-09,  1.23471e-09,  6.41387e-10,
00:58:51,   3531443,  9.87977e-10,  3.24875e-10,  1.03468e-06,  2.59183e-09,  1.20061e-09,  6.66262e-10,
00:59:43,   3583765,  1.00926e-09,  3.00118e-10,  1.05955e-06,  2.65188e-09,  1.18012e-09,  6.96996e-10,
01:00:36,   3636087,  1.02938e-09,  3.08363e-10,  1.06358e-06,  2.69434e-09,  1.15434e-09,  7.09197e-10,
01:01:28,   3688409,  1.04469e-09,  3.10147e-10,  1.07566e-06,  2.67563e-09,  1.09133e-09,  6.79904e-10,
01:02:20,   3740731,  1.04121e-09,  2.97559e-10,  1.09045e-06,  2.66343e-09,  1.08002e-09,  6.58629e-10,
01:03:13,   3793053,  9.91481e-10,  2.95119e-10,  1.08709e-06,  2.62511e-09,  1.06151e-09,  6.40494e-10,
01:04:05,   3845374,  9.87364e-10,  2.84079e-10,  1.10590e-06,  2.59332e-09,  1.06029e-09,  6.35345e-10,
01:04:57,   3897696,  9.49900e-10,  2.88475e-10,  1.11127e-06,  2.53575e-09,  1.01182e-09,  6.10781e-10,
01:05:50,   3950018,  9.20542e-10,  2.69340e-10,  1.11127e-06,  2.46838e-09,  9.94158e-10,  5.67104e-10,
01:06:42,   4002339,  8.83605e-10,  2.70598e-10,  1.11396e-06,  2.41075e-09,  9.62908e-10,  5.41917e-10,
01:07:31,   4051390,  8.41218e-10,  2.56193e-10,  1.12202e-06,  2.33766e-09,  9.39097e-10,  5.32005e-10,
01:08:23,   4103712,  8.06453e-10,  2.54935e-10,  1.11799e-06,  2.27323e-09,  9.21370e-10,  5.06119e-10,
01:09:16,   4156034,  7.83673e-10,  2.58386e-10,  1.13412e-06,  2.18869e-09,  9.10448e-10,  4.66302e-10,
01:10:08,   4208356,  7.45307e-10,  2.55752e-10,  1.13883e-06,  2.12263e-09,  8.68222e-10,  4.41265e-10,
01:11:00,   4260678,  7.02092e-10,  2.41251e-10,  1.13883e-06,  2.08405e-09,  8.66007e-10,  4.30579e-10,
01:11:49,   4309748,  6.77883e-10,  2.39240e-10,  1.14756e-06,  2.00927e-09,  8.45937e-10,  3.80635e-10,
01:12:42,   4362070,  6.45816e-10,  2.24663e-10,  1.14420e-06,  1.95044e-09,  8.24534e-10,  3.74970e-10,
01:13:34,   4414392,  6.07309e-10,  2.38219e-10,  1.15091e-06,  1.86923e-09,  7.99401e-10,  3.43171e-10,
01:14:26,   4466714,  5.82917e-10,  2.47658e-10,  1.14890e-06,  1.81016e-09,  7.87629e-10,  3.16963e-10,
01:15:19,   4519036,  5.57709e-10,  2.53215e-10,  1.14487e-06,  1.75127e-09,  7.75493e-10,  2.92485e-10,
01:16:11,   4571358,  5.27426e-10,  2.39789e-10,  1.14823e-06,  1.68320e-09,  7.42909e-10,  2.66954e-10,
01:17:03,   4623679,  5.09817e-10,  2.20879e-10,  1.15897e-06,  1.64631e-09,  7.44715e-10,  2.66760e-10,
01:17:56,   4676001,  4.82169e-10,  2.41315e-10,  1.15360e-06,  1.59218e-09,  7.34987e-10,  2.29501e-10,
01:18:48,   4728323,  4.62453e-10,  2.27093e-10,  1.14823e-06,  1.52908e-09,  7.18496e-10,  2.23750e-10,
01:19:40,   4780644,  4.54423e-10,  2.23653e-10,  1.15361e-06,  1.48380e-09,  7.07778e-10,  2.21868e-10,
01:20:32,   4832966,  4.33751e-10,  2.12290e-10,  1.14621e-06,  1.44723e-09,  7.02629e-10,  1.96423e-10,
01:21:25,   4885288,  3.98222e-10,  2.33650e-10,  1.15092e-06,  1.40140e-09,  6.70745e-10,  1.88404e-10,
01:22:17,   4937609,  3.86762e-10,  2.23191e-10,  1.15226e-06,  1.34571e-09,  6.78753e-10,  1.70978e-10,
01:23:09,   4989931,  3.86762e-10,  2.14623e-10,  1.14958e-06,  1.30153e-09,  6.61650e-10,  1.46296e-10,
01:24:02,   5042253,  3.66552e-10,  2.20729e-10,  1.14689e-06,  1.26069e-09,  6.56856e-10,  1.26301e-10,
01:24:54,   5094574,  3.56985e-10,  2.02647e-10,  1.14958e-06,  1.23293e-09,  6.45364e-10,  1.26570e-10,
01:25:46,   5146896,  3.44923e-10,  2.01486e-10,  1.14958e-06,  1.20075e-09,  6.29766e-10,  1.11606e-10,
01:26:39,   5199218,  3.19715e-10,  2.18665e-10,  1.15293e-06,  1.17429e-09,  6.38914e-10,  1.21861e-10,
01:27:31,   5251539,  3.19661e-10,  2.11237e-10,  1.14286e-06,  1.14864e-09,  6.32711e-10,  9.56426e-11,
01:28:23,   5303861,  3.14028e-10,  2.25158e-10,  1.14285e-06,  1.12689e-09,  6.14780e-10,  9.96738e-11,
01:29:12,   5352933,  3.05525e-10,  2.24137e-10,  1.14218e-06,  1.07679e-09,  6.04439e-10,  8.42261e-11,
01:30:05,   5405255,  2.90830e-10,  2.15279e-10,  1.14420e-06,  1.05975e-09,  6.07578e-10,  8.88056e-11,
01:30:57,   5457577,  2.94366e-10,  2.04077e-10,  1.13546e-06,  1.03993e-09,  5.90421e-10,  7.56046e-11,
01:31:49,   5509899,  2.74296e-10,  2.01744e-10,  1.13815e-06,  1.02781e-09,  5.94828e-10,  7.52283e-11,
01:32:42,   5562221,  2.77102e-10,  2.15945e-10,  1.13344e-06,  9.90944e-10,  5.88776e-10,  6.26186e-11,
01:33:34,   5614522,  2.74812e-10,  2.24147e-10,  1.14084e-06,  9.80280e-10,  5.70480e-10,  5.75231e-11,
01:34:26,   5666844,  2.71533e-10,  2.07388e-10,  1.13075e-06,  9.43869e-10,  5.80692e-10,  6.85956e-11,
01:35:19,   5719166,  2.62955e-10,  2.07410e-10,  1.13009e-06,  9.31324e-10,  5.71845e-10,  5.45884e-11,
01:36:08,   5768238,  2.42551e-10,  2.23051e-10,  1.13344e-06,  9.32571e-10,  5.72931e-10,  4.79019e-11,
01:36:57,   5817309,  2.47292e-10,  2.26265e-10,  1.13681e-06,  9.24229e-10,  5.73156e-10,  3.85816e-11,
01:37:49,   5869631,  2.41315e-10,  2.11172e-10,  1.13412e-06,  9.13329e-10,  5.66782e-10,  3.83129e-11,
01:38:38,   5918703,  2.36607e-10,  2.23492e-10,  1.13143e-06,  8.93710e-10,  5.57805e-10,  2.71437e-11,
01:39:31,   5971024,  2.40272e-10,  2.17902e-10,  1.13815e-06,  8.68953e-10,  5.55279e-10,  3.81731e-11,
01:40:23,   6023346,  2.25491e-10,  2.25265e-10,  1.12942e-06,  8.75123e-10,  5.68082e-10,  3.40021e-11,
01:41:15,   6075668,  2.22094e-10,  2.12269e-10,  1.12740e-06,  8.52247e-10,  5.58364e-10,  3.08739e-11,
01:42:04,   6124739,  2.21750e-10,  2.13935e-10,  1.12941e-06,  8.34929e-10,  5.54559e-10,  5.12559e-11,
01:42:57,   6177061,  2.00186e-10,  1.99390e-10,  1.12270e-06,  8.31715e-10,  5.42218e-10,  3.73884e-11,
01:43:49,   6229383,  2.13215e-10,  2.15644e-10,  1.12269e-06,  8.29382e-10,  5.39971e-10,  2.93797e-11,
01:44:41,   6281704,  2.09398e-10,  2.11452e-10,  1.12270e-06,  8.18976e-10,  5.37273e-10,  2.21127e-11,
01:45:34,   6334026,  1.97692e-10,  2.10452e-10,  1.12539e-06,  7.95068e-10,  5.33263e-10,  1.47704e-11,
01:46:26,   6386348,  2.01411e-10,  2.27501e-10,  1.11597e-06,  7.88199e-10,  5.37219e-10,  2.19944e-11,
01:47:18,   6438669,  1.99390e-10,  2.11957e-10,  1.11262e-06,  7.88468e-10,  5.37638e-10,  3.25724e-11,
01:48:10,   6490991,  1.93951e-10,  2.10215e-10,  1.11799e-06,  7.82512e-10,  5.27985e-10,  1.95864e-11,
01:49:03,   6543313,  1.92661e-10,  2.04421e-10,  1.11464e-06,  7.78030e-10,  5.20213e-10,  8.23448e-12,
01:49:55,   6595634,  2.03873e-10,  2.09420e-10,  1.11867e-06,  7.72096e-10,  5.15805e-10,  2.31124e-12,
01:50:47,   6647956,  1.86576e-10,  2.13978e-10,  1.11597e-06,  7.64001e-10,  5.13924e-10,  3.01214e-11,
01:51:40,   6700278,  1.86243e-10,  2.09667e-10,  1.12337e-06,  7.57970e-10,  5.21460e-10,  4.41824e-12,
01:52:32,   6752599,  1.79374e-10,  2.11849e-10,  1.11262e-06,  7.47306e-10,  5.31554e-10,  1.01587e-11,
01:53:24,   6804921,  1.75310e-10,  2.11699e-10,  1.11934e-06,  7.51789e-10,  5.17611e-10,  1.05779e-11,
01:54:17,   6857243,  1.69666e-10,  2.05743e-10,  1.11262e-06,  7.57841e-10,  5.19815e-10,  1.61679e-11,
01:55:09,   6909564,  1.65087e-10,  2.19654e-10,  1.10724e-06,  7.45543e-10,  5.16364e-10,  3.04224e-11,
01:55:58,   6958636,  1.70397e-10,  1.99756e-10,  1.10792e-06,  7.42587e-10,  5.10333e-10,  3.10782e-11,
01:56:47,   7007708,  1.75342e-10,  2.30468e-10,  1.11867e-06,  7.35277e-10,  5.05657e-10,  7.10573e-12,
01:57:40,   7060029,  1.79341e-10,  2.14892e-10,  1.10926e-06,  7.25946e-10,  5.09764e-10,  2.07152e-11,
01:58:32,   7112351,  1.76557e-10,  1.99358e-10,  1.11127e-06,  7.26623e-10,  5.10097e-10,  1.50499e-11,
01:59:18,   7158172,  1.71752e-10,  2.04636e-10,  1.11061e-06,  7.11358e-10,  5.13666e-10,  1.75869e-11,
02:00:10,   7210494,  1.53112e-10,  2.14795e-10,  1.10253e-06,  7.02436e-10,  5.05625e-10,  1.75977e-11,
02:01:02,   7262816,  1.59132e-10,  2.01239e-10,  1.10859e-06,  7.02296e-10,  5.24695e-10,  1.87049e-12,
02:01:55,   7315138,  1.66022e-10,  2.00734e-10,  1.10321e-06,  7.09294e-10,  4.92747e-10,  1.12874e-11,
02:02:44,   7364209,  1.73870e-10,  2.21084e-10,  1.10658e-06,  7.14949e-10,  5.06377e-10,  8.82573e-12,
02:03:36,   7416530,  1.68054e-10,  1.93349e-10,  1.10724e-06,  7.03951e-10,  4.84362e-10,  9.83623e-12,
02:04:28,   7468852,  1.66678e-10,  2.19428e-10,  1.10926e-06,  7.03543e-10,  5.25061e-10,  2.55634e-11,
02:05:21,   7521174,  1.62378e-10,  2.07259e-10,  1.10523e-06,  6.98114e-10,  5.02411e-10,  1.40072e-11,
02:06:13,   7573496,  1.52542e-10,  2.18633e-10,  1.10321e-06,  7.01210e-10,  5.16042e-10, -5.69749e-12,
02:07:05,   7625818,  1.75471e-10,  1.98713e-10,  1.10187e-06,  7.01662e-10,  5.01798e-10,  2.10269e-11,
02:07:58,   7678139,  1.54724e-10,  2.04206e-10,  1.10389e-06,  6.88686e-10,  5.11946e-10,  1.31149e-12,
02:08:50,   7730461,  1.46113e-10,  1.87479e-10,  1.10724e-06,  7.07811e-10,  5.00884e-10,  3.99899e-12,
02:09:42,   7782783,  1.57014e-10,  2.10742e-10,  1.10590e-06,  6.80882e-10,  5.11849e-10,  7.42823e-12,
02:10:35,   7835104,  1.63431e-10,  2.11140e-10,  1.10321e-06,  6.94008e-10,  4.94939e-10,  1.00512e-11,
02:11:24,   7884175,  1.62647e-10,  2.15182e-10,  1.10119e-06,  6.90277e-10,  4.84372e-10,  1.05027e-11,
02:12:16,   7936497,  1.70473e-10,  2.05754e-10,  1.09918e-06,  6.94739e-10,  4.88199e-10,  1.07284e-11,
02:13:08,   7988820,  1.49629e-10,  2.04550e-10,  1.10590e-06,  6.93836e-10,  4.95971e-10,  1.32654e-11,
02:14:01,   8041121,  1.38223e-10,  2.12591e-10,  1.10658e-06,  6.77754e-10,  5.03840e-10,  2.06292e-11,
02:14:53,   8093443,  1.35578e-10,  2.10215e-10,  1.10187e-06,  6.79001e-10,  4.95488e-10,  1.12767e-11,
02:15:45,   8145764,  1.48263e-10,  2.00831e-10,  1.09918e-06,  6.61510e-10,  4.96047e-10,  1.84899e-12,
02:16:38,   8198086,  1.69978e-10,  2.20965e-10,  1.10658e-06,  6.65681e-10,  4.88532e-10, -9.62123e-12,
02:17:30,   8250408,  1.36750e-10,  2.19493e-10,  1.09784e-06,  6.58640e-10,  4.96918e-10,  1.04274e-11,
02:18:19,   8299459,  1.47371e-10,  2.04367e-10,  1.10388e-06,  6.75528e-10,  5.00443e-10, -6.54673e-12,
02:19:11,   8351760,  1.61647e-10,  2.09904e-10,  1.10321e-06,  6.72454e-10,  5.02690e-10,  1.78557e-11,
02:20:04,   8404082,  1.59830e-10,  2.06679e-10,  1.09716e-06,  6.62080e-10,  4.83609e-10,  8.06248e-12,
02:20:56,   8456404,  1.57562e-10,  2.02475e-10,  1.10590e-06,  6.83774e-10,  4.96520e-10, -7.82598e-12,
02:21:48,   8508726,  1.39448e-10,  2.17246e-10,  1.09986e-06,  6.69605e-10,  4.97992e-10,  3.71949e-12,
02:22:41,   8561048,  1.51553e-10,  2.14634e-10,  1.08977e-06,  6.66412e-10,  4.92381e-10,  1.67914e-11,
02:23:33,   8613349,  1.26376e-10,  2.11333e-10,  1.09986e-06,  6.78065e-10,  4.86082e-10,  1.23624e-12,
02:24:25,   8665671,  1.42297e-10,  2.11591e-10,  1.09918e-06,  6.69594e-10,  4.91166e-10,  2.30049e-12,
02:25:17,   8717972,  1.42147e-10,  2.02432e-10,  1.09716e-06,  6.85913e-10,  4.89726e-10,  1.16959e-11,
02:26:10,   8770294,  1.41555e-10,  2.22997e-10,  1.09112e-06,  6.79549e-10,  4.87726e-10,  1.03414e-11,
02:26:59,   8819366,  1.25151e-10,  2.08571e-10,  1.09381e-06,  6.72400e-10,  5.02690e-10,  4.62249e-13,
02:27:51,   8871687,  1.47457e-10,  2.09323e-10,  1.10119e-06,  6.83376e-10,  5.03131e-10,  1.76944e-11,
02:28:40,   8920759,  1.31536e-10,  2.19041e-10,  1.09583e-06,  6.65617e-10,  4.98369e-10,  2.02852e-11,
02:29:33,   8973081,  1.56767e-10,  2.08635e-10,  1.09246e-06,  6.68745e-10,  4.87533e-10,  1.41899e-11,
02:30:25,   9025382,  1.33891e-10,  2.24868e-10,  1.10187e-06,  6.72282e-10,  5.08764e-10,  2.23599e-12,
02:31:17,   9077704,  1.33074e-10,  2.18740e-10,  1.09515e-06,  6.67025e-10,  4.84200e-10,  6.67573e-12,
02:32:03,   9123525,  1.45210e-10,  2.20643e-10,  1.10187e-06,  6.65531e-10,  5.01164e-10,  2.57999e-12,
02:32:52,   9172597,  1.38524e-10,  2.13365e-10,  1.10052e-06,  6.54491e-10,  4.86952e-10,  3.69799e-12,
02:33:44,   9224919,  1.42469e-10,  2.17826e-10,  1.09583e-06,  6.69756e-10,  4.84405e-10,  3.12824e-12,
02:34:37,   9277241,  1.51338e-10,  2.06173e-10,  1.10590e-06,  6.75819e-10,  4.82082e-10,  1.54477e-11,
02:35:29,   9329563,  1.28860e-10,  2.01712e-10,  1.10388e-06,  6.50481e-10,  4.83222e-10,  5.13849e-12,
02:36:21,   9381884,  1.35256e-10,  2.15988e-10,  1.10052e-06,  6.48320e-10,  4.92112e-10, -4.22474e-12,
02:37:14,   9434206,  1.25162e-10,  2.21836e-10,  1.09850e-06,  6.51309e-10,  4.89984e-10,  2.98849e-12,
02:38:06,   9486528,  1.30257e-10,  2.20439e-10,  1.10658e-06,  6.57974e-10,  4.97165e-10,  9.71798e-12,
02:38:58,   9538849,  1.44329e-10,  2.18235e-10,  1.09717e-06,  6.51706e-10,  4.81771e-10, -1.53617e-11,
02:39:51,   9591171,  1.33719e-10,  2.28082e-10,  1.09045e-06,  6.55845e-10,  4.95036e-10,  6.24574e-12,
02:40:43,   9643493,  1.50091e-10,  2.02787e-10,  1.10120e-06,  6.69078e-10,  4.84566e-10, -8.36348e-12,
02:41:35,   9695814,  1.44834e-10,  2.09689e-10,  1.09381e-06,  6.58759e-10,  4.92671e-10,  1.19432e-11,
02:42:28,   9748136,  1.35707e-10,  2.04894e-10,  1.09515e-06,  6.61683e-10,  4.87210e-10,  5.61149e-12,
02:43:20,   9800458,  1.33783e-10,  2.17880e-10,  1.09180e-06,  6.73991e-10,  4.83276e-10, -1.51574e-12,
02:44:12,   9852779,  1.20636e-10,  2.09409e-10,  1.09582e-06,  6.51513e-10,  4.84609e-10,  6.08449e-12,
02:45:05,   9905101,  1.27204e-10,  2.12828e-10,  1.09851e-06,  6.59167e-10,  4.79137e-10,  6.05224e-12,
02:45:57,   9957423,  1.18722e-10,  2.13612e-10,  1.09381e-06,  6.68079e-10,  5.06969e-10,  2.22524e-12,
02:46:49,  10009744,  1.32171e-10,  2.08388e-10,  1.10388e-06,  6.62080e-10,  4.97348e-10,  8.67523e-12,
02:47:42,  10062066,  1.41609e-10,  2.13860e-10,  1.09716e-06,  6.62123e-10,  4.79524e-10,  1.56519e-11,
02:48:34,  10114388,  1.33815e-10,  1.98240e-10,  1.09180e-06,  6.51137e-10,  4.88328e-10, -6.80473e-12,
02:49:23,  10163459,  1.34256e-10,  2.14042e-10,  1.09246e-06,  6.68896e-10,  4.91596e-10,  6.92298e-12,
02:50:15,  10215781,  1.31171e-10,  2.19256e-10,  1.10052e-06,  6.54512e-10,  4.80255e-10, -2.61224e-12,
02:51:08,  10268103,  1.25215e-10,  2.06485e-10,  1.09112e-06,  6.44622e-10,  4.91467e-10,  7.19173e-12,
02:52:00,  10320424,  1.22334e-10,  2.38466e-10,  1.09246e-06,  6.59586e-10,  4.91102e-10, -1.26849e-12,
02:52:52,  10372746,  1.28709e-10,  2.09237e-10,  1.09045e-06,  6.74905e-10,  4.97390e-10,  4.88049e-12,
02:53:41,  10421818,  1.21399e-10,  2.02981e-10,  1.09112e-06,  6.51900e-10,  4.93499e-10,  1.01264e-11,
02:54:34,  10474139,  1.24312e-10,  2.12032e-10,  1.08910e-06,  6.52502e-10,  4.84673e-10,  6.53599e-12,
02:55:23,  10523210,  1.26258e-10,  2.28888e-10,  1.09716e-06,  6.64047e-10,  4.83749e-10, -4.09574e-12,
02:56:15,  10575532,  1.40792e-10,  2.15418e-10,  1.09178e-06,  6.77173e-10,  4.92779e-10,  1.13627e-11,
02:57:07,  10627854,  1.27602e-10,  2.12075e-10,  1.09045e-06,  6.56587e-10,  4.94209e-10,  8.21298e-12,
02:58:00,  10680176,  1.31397e-10,  2.02712e-10,  1.09582e-06,  6.50707e-10,  4.87339e-10, -3.10674e-12,
02:58:52,  10732498,  1.26172e-10,  2.23352e-10,  1.10120e-06,  6.44880e-10,  4.93886e-10,  5.19224e-12,
02:59:44,  10784819,  1.33203e-10,  2.16730e-10,  1.09112e-06,  6.45912e-10,  4.88307e-10,  8.09473e-12,
03:00:37,  10837141,  1.18120e-10,  2.10033e-10,  1.08977e-06,  6.52878e-10,  4.89489e-10,  1.12874e-12,
03:01:29,  10889463,  1.22195e-10,  2.13612e-10,  1.09246e-06,  6.44665e-10,  4.97079e-10, -2.66599e-12,
03:02:21,  10941784,  1.18712e-10,  2.14741e-10,  1.09716e-06,  6.55727e-10,  4.97251e-10,  4.56874e-12,
03:03:14,  10994106,  1.14272e-10,  2.20299e-10,  1.10187e-06,  6.54383e-10,  4.94251e-10, -3.11749e-13,
03:04:03,  11043178,  1.18841e-10,  2.30726e-10,  1.09180e-06,  6.45267e-10,  5.08463e-10,  9.07298e-12,
03:04:55,  11095499,  1.29591e-10,  2.14666e-10,  1.09314e-06,  6.54415e-10,  4.94198e-10,  1.15347e-11,
03:05:47,  11147821,  1.13326e-10,  2.14171e-10,  1.09045e-06,  6.50288e-10,  5.03045e-10,  1.20399e-12,
03:06:40,  11200143,  1.37417e-10,  2.11538e-10,  1.08709e-06,  6.40591e-10,  4.75611e-10,  8.04098e-12,
03:07:29,  11249214,  1.21485e-10,  2.22707e-10,  1.09717e-06,  6.63779e-10,  4.95079e-10,  2.76274e-12,
03:08:21,  11301535,  1.19883e-10,  2.14892e-10,  1.09381e-06,  6.53835e-10,  4.89027e-10,  2.61224e-12,
03:09:13,  11353857,  1.26925e-10,  2.09990e-10,  1.09178e-06,  6.45117e-10,  4.95563e-10, -1.17174e-12,
03:10:06,  11406179,  1.21023e-10,  2.17644e-10,  1.08977e-06,  6.48514e-10,  4.97133e-10, -1.05887e-11,
03:10:58,  11458501,  1.25387e-10,  2.17773e-10,  1.09381e-06,  6.56780e-10,  4.86082e-10,  1.08144e-11,
03:11:50,  11510802,  1.13562e-10,  2.22223e-10,  1.08373e-06,  6.45880e-10,  4.94746e-10,  2.04249e-13,
03:12:43,  11563124,  1.34170e-10,  2.30909e-10,  1.09180e-06,  6.59092e-10,  4.82545e-10,  3.08524e-12,
03:13:35,  11615446,  1.31472e-10,  2.12161e-10,  1.09178e-06,  6.46783e-10,  4.92230e-10,  1.08574e-11,
03:14:27,  11667768,  1.22087e-10,  2.10043e-10,  1.08977e-06,  6.52265e-10,  4.93037e-10, -6.56824e-12,
03:15:20,  11720089,  1.27763e-10,  2.25437e-10,  1.08843e-06,  6.42408e-10,  4.91069e-10,  5.53624e-12,
03:16:09,  11769161,  1.23936e-10,  2.07657e-10,  1.08373e-06,  6.53846e-10,  4.86974e-10,  1.34374e-12,
03:17:01,  11821483,  1.17357e-10,  2.28910e-10,  1.09044e-06,  6.69820e-10,  5.00583e-10,  7.70773e-12,
03:17:53,  11873804,  1.26731e-10,  2.15042e-10,  1.08775e-06,  6.68390e-10,  4.74504e-10,  1.65549e-12,
03:18:46,  11926126,  1.20808e-10,  2.12032e-10,  1.08843e-06,  6.44880e-10,  5.00035e-10,  8.12698e-12,
03:19:38,  11978448,  1.22238e-10,  2.16644e-10,  1.08440e-06,  6.46665e-10,  4.89780e-10, -5.72974e-12,
03:20:30,  12030769,  1.21808e-10,  2.27222e-10,  1.09112e-06,  6.54544e-10,  4.88683e-10,  1.49532e-11,
03:21:23,  12083091,  1.36299e-10,  2.14128e-10,  1.09112e-06,  6.38979e-10,  5.04948e-10,  1.70924e-12,
03:22:15,  12135413,  1.34944e-10,  2.22653e-10,  1.08843e-06,  6.52115e-10,  5.07538e-10,  7.58948e-12,
03:23:07,  12187734,  1.17153e-10,  2.32124e-10,  1.08843e-06,  6.40215e-10,  4.80395e-10,  1.53724e-12,
03:24:00,  12240056,  1.23323e-10,  2.31006e-10,  1.09717e-06,  6.53297e-10,  4.92037e-10, -1.10079e-11,
03:24:52,  12292378,  1.18593e-10,  2.25814e-10,  1.09918e-06,  6.53770e-10,  4.96186e-10, -4.19249e-13,
03:25:44,  12344699,  1.04704e-10,  2.22675e-10,  1.09178e-06,  6.53480e-10,  4.96971e-10,  1.06962e-11,
03:26:37,  12397000,  1.23366e-10,  2.21567e-10,  1.08641e-06,  6.55953e-10,  4.87285e-10,  1.04597e-11,
03:27:29,  12449322,  1.21044e-10,  2.31608e-10,  1.09515e-06,  6.47009e-10,  5.04152e-10,  6.21349e-12,
03:28:21,  12501644,  1.13487e-10,  2.28480e-10,  1.09515e-06,  6.45170e-10,  4.91930e-10,  1.05457e-11,
03:29:13,  12553967,  1.19367e-10,  2.17515e-10,  1.09851e-06,  6.49503e-10,  4.98788e-10,  5.70824e-12,
03:30:06,  12606289,  1.29526e-10,  2.05045e-10,  1.08709e-06,  6.28992e-10,  4.88296e-10, -6.99823e-12,
03:30:58,  12658611,  1.25108e-10,  2.32661e-10,  1.09583e-06,  6.67950e-10,  4.79524e-10,  1.05134e-11,
03:31:50,  12710933,  1.04801e-10,  2.12720e-10,  1.08977e-06,  6.46632e-10,  4.92531e-10,  1.39964e-11,
03:32:43,  12763254,  1.09983e-10,  2.31081e-10,  1.08641e-06,  6.46708e-10,  5.00658e-10,  3.45074e-12,
03:33:32,  12812327,  1.13777e-10,  2.27093e-10,  1.09112e-06,  6.50126e-10,  4.81567e-10,  2.19729e-11,
03:34:24,  12864649,  1.12186e-10,  2.26416e-10,  1.09515e-06,  6.48202e-10,  5.13451e-10,  2.20374e-12,
03:35:16,  12916971,  1.17658e-10,  2.23148e-10,  1.08709e-06,  6.44955e-10,  5.06270e-10,  1.43082e-11,
03:36:09,  12969293,  1.07854e-10,  2.16343e-10,  1.09045e-06,  6.40699e-10,  5.00368e-10,  9.50298e-12,
03:37:01,  13021614,  1.34923e-10,  2.10323e-10,  1.08977e-06,  6.43440e-10,  4.83319e-10, -1.50499e-12,
03:37:50,  13070686,  1.33031e-10,  2.17826e-10,  1.08709e-06,  6.40559e-10,  4.91295e-10,  5.58999e-12,
03:38:43,  13123008,  1.18647e-10,  2.23083e-10,  1.08709e-06,  6.42408e-10,  4.85716e-10,  8.59998e-12,
03:39:35,  13175329,  1.10380e-10,  2.15977e-10,  1.09381e-06,  6.44547e-10,  4.83448e-10,  5.43949e-12,
03:40:27,  13227651,  1.14917e-10,  2.18536e-10,  1.09515e-06,  6.42268e-10,  4.88962e-10, -7.87973e-12,
03:41:19,  13279973,  1.28010e-10,  2.08882e-10,  1.08910e-06,  6.61833e-10,  4.78804e-10,  1.13412e-11,
03:42:12,  13332294,  1.24334e-10,  2.15085e-10,  1.08843e-06,  6.42365e-10,  4.82889e-10,  1.41469e-11,
03:43:04,  13384616,  1.01393e-10,  2.10753e-10,  1.09045e-06,  6.46590e-10,  4.95294e-10,  4.22474e-12,
03:43:53,  13433688,  1.15411e-10,  2.17762e-10,  1.08709e-06,  6.54222e-10,  4.93306e-10,  6.21349e-12,
03:44:46,  13486009,  1.23925e-10,  2.16192e-10,  1.09649e-06,  6.54835e-10,  4.79943e-10,  1.54262e-11,
03:45:38,  13538331,  1.20055e-10,  2.15784e-10,  1.09314e-06,  6.50847e-10,  4.89812e-10, -8.40648e-12,
03:46:30,  13590653,  1.15562e-10,  2.11957e-10,  1.08709e-06,  6.41956e-10,  4.98218e-10, -8.59998e-13,
03:47:22,  13642974,  1.22990e-10,  2.22933e-10,  1.08709e-06,  6.46891e-10,  4.92059e-10,  1.35449e-12,
03:48:15,  13695296,  1.14422e-10,  2.07248e-10,  1.08642e-06,  6.46202e-10,  4.88468e-10, -5.23524e-12,
03:49:04,  13744368,  1.14852e-10,  2.20815e-10,  1.08977e-06,  6.44375e-10,  5.00121e-10,  8.70748e-13,
03:49:56,  13796689,  1.25463e-10,  2.04453e-10,  1.08709e-06,  6.40419e-10,  4.79965e-10,  1.44802e-11,
03:50:45,  13845761,  1.05457e-10,  2.12322e-10,  1.08775e-06,  6.49341e-10,  4.79363e-10, -3.99899e-12,
03:51:38,  13898083,  1.23098e-10,  2.16160e-10,  1.09246e-06,  6.51352e-10,  4.99046e-10,  8.27748e-12,
03:52:30,  13950404,  1.06317e-10,  2.19966e-10,  1.09180e-06,  6.32980e-10,  4.90371e-10,  9.24498e-13,
03:53:19,  13999476,  1.23560e-10,  2.26555e-10,  1.09381e-06,  6.31325e-10,  4.81846e-10,  1.07284e-11,
03:54:11,  14051797,  1.15100e-10,  2.15569e-10,  1.08709e-06,  6.47041e-10,  4.85146e-10,  7.69698e-12,
03:55:04,  14104119,  1.12670e-10,  2.16880e-10,  1.08843e-06,  6.29755e-10,  4.92886e-10, -8.66448e-12,
03:55:53,  14153191,  1.23291e-10,  2.19987e-10,  1.09314e-06,  6.48729e-10,  4.95079e-10,  7.44973e-12,
03:56:42,  14202262,  1.09080e-10,  2.19192e-10,  1.08775e-06,  6.32701e-10,  4.89650e-10,  1.51359e-11,
03:57:34,  14254584,  1.02565e-10,  2.16902e-10,  1.08103e-06,  6.49299e-10,  4.81061e-10, -4.51499e-12,
03:58:26,  14306906,  1.20485e-10,  2.21105e-10,  1.08709e-06,  6.38033e-10,  4.72031e-10,  9.78248e-12,
03:59:19,  14359228,  1.07360e-10,  2.23083e-10,  1.08977e-06,  6.43483e-10,  4.84362e-10,  8.03023e-12,
04:00:11,  14411549,  1.10477e-10,  2.13161e-10,  1.08306e-06,  6.35152e-10,  4.83588e-10, -1.02124e-12,
04:01:00,  14460621,  1.15755e-10,  2.30071e-10,  1.08372e-06,  6.36753e-10,  4.79029e-10,  9.48148e-12,
04:01:52,  14512943,  1.01673e-10,  2.26072e-10,  1.08507e-06,  6.48933e-10,  4.83179e-10,  1.08574e-12,
04:02:45,  14565264,  1.04575e-10,  2.18643e-10,  1.07499e-06,  6.31454e-10,  4.92585e-10,  4.18174e-12,
04:03:37,  14617586,  1.22001e-10,  2.35478e-10,  1.07902e-06,  6.40591e-10,  4.85168e-10,  4.62249e-13,
04:04:29,  14669908,  1.11165e-10,  2.16784e-10,  1.08641e-06,  6.41279e-10,  4.78245e-10, -2.37574e-12,
04:05:22,  14722229,  1.09585e-10,  2.18848e-10,  1.08306e-06,  6.49675e-10,  4.84125e-10,  1.39104e-11,
04:06:14,  14774551,  1.07317e-10,  2.24341e-10,  1.08372e-06,  6.37173e-10,  4.92209e-10,  8.41723e-12,
04:07:06,  14826873,  1.18174e-10,  2.18493e-10,  1.08977e-06,  6.46160e-10,  4.83652e-10,  1.94574e-12,
